{
  "val": {
    "accuracy": 0.8401639344262295,
    "macro_f1": 0.7980384320135547,
    "report": {
      "negative": {
        "precision": 0.9043956043956044,
        "recall": 0.8965141612200436,
        "f1-score": 0.9004376367614879,
        "support": 918.0
      },
      "neutral": {
        "precision": 0.6956521739130435,
        "recall": 0.6709677419354839,
        "f1-score": 0.6830870279146142,
        "support": 310.0
      },
      "positive": {
        "precision": 0.7803921568627451,
        "recall": 0.8432203389830508,
        "f1-score": 0.8105906313645621,
        "support": 236.0
      },
      "accuracy": 0.8401639344262295,
      "macro avg": {
        "precision": 0.7934799783904642,
        "recall": 0.8035674140461927,
        "f1-score": 0.7980384320135547,
        "support": 1464.0
      },
      "weighted avg": {
        "precision": 0.8402048413714592,
        "recall": 0.8401639344262295,
        "f1-score": 0.8399304086083422,
        "support": 1464.0
      }
    }
  },
  "test": {
    "accuracy": 0.8360655737704918,
    "macro_f1": 0.788009324324034,
    "report": {
      "negative": {
        "precision": 0.9026258205689278,
        "recall": 0.8986928104575164,
        "f1-score": 0.9006550218340611,
        "support": 918.0
      },
      "neutral": {
        "precision": 0.7095709570957096,
        "recall": 0.6935483870967742,
        "f1-score": 0.7014681892332789,
        "support": 310.0
      },
      "positive": {
        "precision": 0.7449392712550608,
        "recall": 0.7796610169491526,
        "f1-score": 0.7619047619047619,
        "support": 236.0
      },
      "accuracy": 0.8360655737704918,
      "macro avg": {
        "precision": 0.7857120163065661,
        "recall": 0.7906340715011478,
        "f1-score": 0.788009324324034,
        "support": 1464.0
      },
      "weighted avg": {
        "precision": 0.8363273005451777,
        "recall": 0.8360655737704918,
        "f1-score": 0.836110636964145,
        "support": 1464.0
      }
    }
  }
}