{
  "accuracy": 0.7903005464480874,
  "f1_macro": 0.7388503745393313,
  "roc_auc_macro": 0.906728374498179
}