,accuracy,macro_f1
val,0.8401639344262295,0.7980384320135547
test,0.8360655737704918,0.788009324324034
